{
  "project_info": {
    "project_number": "1092887808305",
    "project_id": "hello-world-c5038",
    "storage_bucket": "hello-world-c5038.appspot.com"
  },
  "client": [
    {
      "client_info": {
        "mobilesdk_app_id": "1:1092887808305:android:cce77234fef555d1dcc810",
        "android_client_info": {
          "package_name": "com.example.loginapp"
        }
      },
      "oauth_client": [
        {
          "client_id": "1092887808305-5dn1blls8cjli11b3egtvf7tt9pcd9sp.apps.googleusercontent.com",
          "client_type": 3
        }
      ],
      "api_key": [
        {
          "current_key": "AIzaSyDT_YTTH5BQnVZRHInnIZxKGNqgK53-7gA"
        }
      ],
      "services": {
        "appinvite_service": {
          "other_platform_oauth_client": [
            {
              "client_id": "1092887808305-5dn1blls8cjli11b3egtvf7tt9pcd9sp.apps.googleusercontent.com",
              "client_type": 3
            }
          ]
        }
      }
    }
  ],
  "configuration_version": "1"
}